<?xml version="1.0" encoding="utf-8" standalone="no" ?>
<modDesc descVersion="61">
    <author>Aoi[trix]</author>
    <version>1.0.1.0</version>
    <title>
        <en><![CDATA[IMPRESS 185VC AoiEdition]]></en>
        <de><![CDATA[IMPRESS 185VC AoiEdition]]></de>
    </title>
    <description>
        <de><![CDATA[Meine Version einer  Poettinger Impress 185 VC Pro, in eine non stop Ballenpresse umgebaut, die die Technik der Vicon FastBale nutzt.

Allerdings wurde die Arbeitsgeschwindigkeit reduziert.

Changelog:
- 1.0.1.0 Veröffentlichung auf Modhub]]>
        </de>
        <en><![CDATA[That's my version of an Poettinger Impress 185 VC Pro, reworked to a non stop baler with the technics of the Vicon FastBale.

But at a price: The workspeed is lowered.

Changelog:
- 1.0.1.0 Modhub Release]]>
        </en>
    </description>
    <iconFilename>modIcon.dds</iconFilename>
    <multiplayer supported="true" />

    <storeItems>
        <storeItem xmlFilename="impress185VCPro.xml" />
    </storeItems>

</modDesc>
